,ISO_A3,ADM0_DIF,LEVEL,ADM0_A3,ADM0_A3_IS,GU_A3,ISO_N3,TYPE,GEOUNIT,ABBREV,NAME,NAME_LONG,ISOA3_GUA3
0,ABW,1.0,2.0,ABW,ABW,ABW,533,Country,Aruba,Aruba,Aruba,Aruba,ABW
1,-99,0.0,3.0,ATG,ATG,ACA,-99,Geo unit,Antigua,Ant.,Antigua,Antigua,ATG
2,-99,0.0,3.0,ATG,ATG,ACB,-99,Geo unit,Barbuda,Barb.,Barbuda,Barbuda,ATG
3,AFG,0.0,2.0,AFG,AFG,AFG,4,Sovereign country,Afghanistan,Afg.,Afghanistan,Afghanistan,AFG
4,AGO,0.0,2.0,AGO,AGO,AGO,24,Sovereign country,Angola,Ang.,Angola,Angola,AGO
5,AIA,1.0,2.0,AIA,AIA,AIA,660,Dependency,Anguilla,Ang.,Anguilla,Anguilla,AIA
6,ALB,0.0,2.0,ALB,ALB,ALB,8,Sovereign country,Albania,Alb.,Albania,Albania,ALB
7,ALA,1.0,2.0,ALD,ALA,ALD,248,Country,Aland,Aland,Aland,Aland Islands,ALA
8,AND,0.0,2.0,AND,AND,AND,20,Sovereign country,Andorra,And.,Andorra,Andorra,AND
9,ARE,0.0,2.0,ARE,ARE,ARE,784,Sovereign country,United Arab Emirates,U.A.E.,United Arab Emirates,United Arab Emirates,ARE
10,ARG,0.0,2.0,ARG,ARG,ARG,32,Sovereign country,Argentina,Arg.,Argentina,Argentina,ARG
11,ARM,0.0,2.0,ARM,ARM,ARM,51,Sovereign country,Armenia,Arm.,Armenia,Armenia,ARM
12,ASM,1.0,2.0,ASM,ASM,ASM,16,Dependency,American Samoa,Am. Samoa,American Samoa,American Samoa,ASM
13,ATA,0.0,2.0,ATA,ATA,ATA,10,Indeterminate,Antarctica,Ant.,Antarctica,Antarctica,ATA
14,-99,1.0,2.0,ATC,AUS,ATC,36,Dependency,Ashmore and Cartier Islands,A.C.Is.,Ashmore and Cartier Is.,Ashmore and Cartier Islands,None
15,ATF,1.0,2.0,ATF,ATF,ATF,260,Dependency,French Southern and Antarctic Lands,Fr. S.A.L.,Fr. S. Antarctic Lands,French Southern and Antarctic Lands,ATF
16,AUS,1.0,2.0,AUS,AUS,AUS,36,Country,Australia,Auz.,Australia,Australia,AUS
17,AUT,0.0,2.0,AUT,AUT,AUT,40,Sovereign country,Austria,Aust.,Austria,Austria,AUT
18,AZE,0.0,2.0,AZE,AZE,AZE,31,Sovereign country,Azerbaijan,Aze.,Azerbaijan,Azerbaijan,AZE
19,-99,0.0,3.0,BEL,BEL,BCR,-99,Geo unit,Brussels Capital Region,Brus.,Brussels,Brussels,BEL
20,BDI,0.0,2.0,BDI,BDI,BDI,108,Sovereign country,Burundi,Bur.,Burundi,Burundi,BDI
21,BEN,0.0,2.0,BEN,BEN,BEN,204,Sovereign country,Benin,Benin,Benin,Benin,BEN
22,BFA,0.0,2.0,BFA,BFA,BFA,854,Sovereign country,Burkina Faso,B.F.,Burkina Faso,Burkina Faso,BFA
23,-99,0.0,3.0,BEL,BEL,BFR,-99,Geo unit,Flemish Region,Flem.,Flemish,Flemish Region,BEL
24,BGD,0.0,2.0,BGD,BGD,BGD,50,Sovereign country,Bangladesh,Bang.,Bangladesh,Bangladesh,BGD
25,BGR,0.0,2.0,BGR,BGR,BGR,100,Sovereign country,Bulgaria,Bulg.,Bulgaria,Bulgaria,BGR
26,-99,0.0,3.0,BIH,BIH,BHB,-99,Geo unit,Brcko District,B.D.,Brcko District,Brcko District,BIH
27,-99,0.0,3.0,BIH,BIH,BHF,-99,Geo unit,Bosnia and Herzegovina,B.H.,Fed. of Bos. & Herz.,Federation of Bosnia and Herzegovina,BIH
28,BHR,0.0,2.0,BHR,BHR,BHR,48,Sovereign country,Bahrain,Bahr.,Bahrain,Bahrain,BHR
29,BHS,0.0,2.0,BHS,BHS,BHS,44,Sovereign country,The Bahamas,Bhs.,Bahamas,Bahamas,BHS
30,-99,0.0,3.0,BIH,BIH,BIS,-99,Geo unit,Republic Srpska,Srp.,Rep. Srpska,Republic Srpska,BIH
31,-99,0.0,2.0,BJN,-99,BJN,-99,Indeterminate,Bajo Nuevo Bank (Petrel Is.),,Bajo Nuevo Bank (Petrel Is.),Bajo Nuevo Bank (Petrel Islands),None
32,BLM,1.0,2.0,BLM,BLM,BLM,652,Dependency,Saint Barthelemy,St. B.,St-Barthélemy,Saint-Barthélemy,BLM
33,BLR,0.0,2.0,BLR,BLR,BLR,112,Sovereign country,Belarus,Bela.,Belarus,Belarus,BLR
34,BLZ,0.0,2.0,BLZ,BLZ,BLZ,84,Sovereign country,Belize,Belize,Belize,Belize,BLZ
35,BMU,1.0,2.0,BMU,BMU,BMU,60,Dependency,Bermuda,Berm.,Bermuda,Bermuda,BMU
36,BOL,0.0,2.0,BOL,BOL,BOL,68,Sovereign country,Bolivia,Bolivia,Bolivia,Bolivia,BOL
37,-99,1.0,3.0,UMI,BQI,BQI,-99,Geo unit,Navassa Island,Nav. I.,Navassa I.,Navassa Island,BQI
38,BRA,0.0,2.0,BRA,BRA,BRA,76,Sovereign country,Brazil,Brazil,Brazil,Brazil,BRA
39,BRB,0.0,2.0,BRB,BRB,BRB,52,Sovereign country,Barbados,Barb.,Barbados,Barbados,BRB
40,BRN,0.0,2.0,BRN,BRN,BRN,96,Sovereign country,Brunei,Brunei,Brunei,Brunei Darussalam,BRN
41,BTN,0.0,2.0,BTN,BTN,BTN,64,Sovereign country,Bhutan,Bhutan,Bhutan,Bhutan,BTN
42,BVT,0.0,3.0,NOR,BVT,BVT,74,Geo unit,Bouvet Island,Bvt. I.,Bouvet I.,Bouvet Island,BVT
43,BWA,0.0,2.0,BWA,BWA,BWA,72,Sovereign country,Botswana,Bwa.,Botswana,Botswana,BWA
44,-99,0.0,3.0,BEL,BEL,BWR,-99,Geo unit,Walloon Region,Wal.,Walloon,Walloon Region,BEL
45,CAF,0.0,2.0,CAF,CAF,CAF,140,Sovereign country,Central African Republic,C.A.R.,Central African Rep.,Central African Republic,CAF
46,CAN,0.0,2.0,CAN,CAN,CAN,124,Sovereign country,Canada,Can.,Canada,Canada,CAN
47,CCK,1.0,3.0,IOA,CCK,CCK,166,Geo unit,Cocos (Keeling) Islands,Cocos Is.,Cocos Is.,Cocos Islands,CCK
48,CHE,0.0,2.0,CHE,CHE,CHE,756,Sovereign country,Switzerland,Switz.,Switzerland,Switzerland,CHE
49,CHL,0.0,2.0,CHL,CHL,CHL,152,Sovereign country,Chile,Chile,Chile,Chile,CHL
50,CHN,1.0,2.0,CHN,CHN,CHN,156,Country,China,China,China,China,CHN
51,CIV,0.0,2.0,CIV,CIV,CIV,384,Sovereign country,Ivory Coast,I.C.,Côte d'Ivoire,Côte d'Ivoire,CIV
52,-99,1.0,2.0,CLP,FRA,CLP,-99,Dependency,Clipperton Island,Clp. I.,Clipperton I.,Clipperton Island,None
53,CMR,0.0,2.0,CMR,CMR,CMR,120,Sovereign country,Cameroon,Cam.,Cameroon,Cameroon,CMR
54,-99,0.0,2.0,CNM,CYP,CNM,-99,Indeterminate,Cyprus No Mans Area,,Cyprus U.N. Buffer Zone,Cyprus U.N. Buffer Zone,CYP
55,COD,0.0,2.0,COD,COD,COD,180,Sovereign country,Democratic Republic of the Congo,D.R.C.,Dem. Rep. Congo,Democratic Republic of the Congo,COD
56,COG,0.0,2.0,COG,COG,COG,178,Sovereign country,Republic of Congo,Rep. Congo,Congo,Republic of Congo,COG
57,COK,1.0,2.0,COK,COK,COK,184,Dependency,Cook Islands,Cook Is.,Cook Is.,Cook Islands,COK
58,COL,0.0,2.0,COL,COL,COL,170,Sovereign country,Colombia,Col.,Colombia,Colombia,COL
59,COM,0.0,2.0,COM,COM,COM,174,Sovereign country,Comoros,Com.,Comoros,Comoros,COM
60,CPV,0.0,2.0,CPV,CPV,CPV,132,Sovereign country,Cape Verde,C.Vd.,Cape Verde,Cape Verde,CPV
61,CRI,0.0,2.0,CRI,CRI,CRI,188,Sovereign country,Costa Rica,C.R.,Costa Rica,Costa Rica,CRI
62,-99,1.0,2.0,CSI,AUS,CSI,-99,Dependency,Coral Sea Islands,C.S.I.,Coral Sea Is.,Coral Sea Islands,None
63,CUB,0.0,2.0,CUB,CUB,CUB,192,Sovereign country,Cuba,Cuba,Cuba,Cuba,CUB
64,CUW,1.0,2.0,CUW,CUW,CUW,531,Country,Curaçao,Cur.,Curaçao,Curaçao,CUW
65,CXR,1.0,3.0,IOA,CXR,CXR,162,Geo unit,Christmas Island,Chris. I.,Christmas I.,Christmas Island,CXR
66,CYM,1.0,2.0,CYM,CYM,CYM,136,Dependency,Cayman Islands,Cym. Is.,Cayman Is.,Cayman Islands,CYM
67,-99,0.0,2.0,CYN,CYP,CYN,-99,Sovereign country,Northern Cyprus,N. Cy.,N. Cyprus,Northern Cyprus,CYP
68,CYP,0.0,2.0,CYP,CYP,CYP,196,Sovereign country,Cyprus,Cyp.,Cyprus,Cyprus,CYP
69,CZE,0.0,2.0,CZE,CZE,CZE,203,Sovereign country,Czech Republic,Cz. Rep.,Czech Rep.,Czech Republic,CZE
70,DEU,0.0,2.0,DEU,DEU,DEU,276,Sovereign country,Germany,Ger.,Germany,Germany,DEU
71,DJI,0.0,2.0,DJI,DJI,DJI,262,Sovereign country,Djibouti,Dji.,Djibouti,Djibouti,DJI
72,DMA,0.0,2.0,DMA,DMA,DMA,212,Sovereign country,Dominica,D'inca,Dominica,Dominica,DMA
73,DNK,1.0,2.0,DNK,DNK,DNK,208,Country,Denmark,Den.,Denmark,Denmark,DNK
74,DOM,0.0,2.0,DOM,DOM,DOM,214,Sovereign country,Dominican Republic,Dom. Rep.,Dominican Rep.,Dominican Republic,DOM
75,-99,1.0,3.0,UMI,DQI,DQI,-99,Geo unit,Jarvis Island,Jar. I.,Jarvis I.,Jarvis Island,DQI
76,DZA,0.0,2.0,DZA,DZA,DZA,12,Sovereign country,Algeria,Alg.,Algeria,Algeria,DZA
77,ECU,0.0,2.0,ECU,ECU,ECU,218,Sovereign country,Ecuador,Ecu.,Ecuador,Ecuador,ECU
78,EGY,0.0,2.0,EGY,EGY,EGY,818,Sovereign country,Egypt,Egypt,Egypt,Egypt,EGY
79,-99,1.0,3.0,GBR,-99,ENG,-99,Geo unit,England,Eng.,England,England,GBR
80,ERI,0.0,2.0,ERI,ERI,ERI,232,Sovereign country,Eritrea,Erit.,Eritrea,Eritrea,ERI
81,-99,1.0,2.0,ESB,GBR,ESB,-99,Dependency,Dhekelia Sovereign Base Area,Dhek.,Dhekelia,Dhekelia,None
82,ESP,0.0,2.0,ESP,ESP,ESP,724,Sovereign country,Spain,Sp.,Spain,Spain,ESP
83,EST,0.0,2.0,EST,EST,EST,233,Sovereign country,Estonia,Est.,Estonia,Estonia,EST
84,ETH,0.0,2.0,ETH,ETH,ETH,231,Sovereign country,Ethiopia,Eth.,Ethiopia,Ethiopia,ETH
85,FIN,1.0,2.0,FIN,FIN,FIN,246,Country,Finland,Fin.,Finland,Finland,FIN
86,FJI,0.0,2.0,FJI,FJI,FJI,242,Sovereign country,Fiji,Fiji,Fiji,Fiji,FJI
87,FLK,1.0,2.0,FLK,FLK,FLK,238,Dependency,Falkland Islands,Flk. Is.,Falkland Is.,Falkland Islands,FLK
88,-99,1.0,3.0,UMI,FQI,FQI,-99,Geo unit,Baker Island,Baker I.,Baker I.,Baker Island,FQI
89,FRO,1.0,2.0,FRO,FRO,FRO,234,Dependency,Faroe Islands,Faeroe Is.,Faeroe Is.,Faeroe Islands,FRO
90,FSM,0.0,2.0,FSM,FSM,FSM,583,Sovereign country,Federated States of Micronesia,F.S.M.,Micronesia,Federated States of Micronesia,FSM
91,FRA,1.0,3.0,FRA,FRA,FXX,249,Geo unit,France,Fr.,France,France,FRA
92,GAB,0.0,2.0,GAB,GAB,GAB,266,Sovereign country,Gabon,Gabon,Gabon,Gabon,GAB
93,-99,1.0,3.0,PSX,PSE,GAZ,275,Geo unit,Gaza,Gaza,Gaza,Gaza,PSE
94,-99,0.0,3.0,GEO,GEO,GEA,-99,Geo unit,Ajaria,Ajaria,Adjara,Adjara,GEO
95,-99,0.0,3.0,GEO,GEO,GEG,-99,Geo unit,Georgia,Geo.,Georgia,Georgia,GEO
96,GGY,1.0,2.0,GGY,GGY,GGY,831,Country,Guernsey,Guern.,Guernsey,Guernsey,GGY
97,GHA,0.0,2.0,GHA,GHA,GHA,288,Sovereign country,Ghana,Ghana,Ghana,Ghana,GHA
98,GIB,1.0,2.0,GIB,GIB,GIB,292,Dependency,Gibraltar,Gib.,Gibraltar,Gibraltar,GIB
99,GIN,0.0,2.0,GIN,GIN,GIN,324,Sovereign country,Guinea,Gin.,Guinea,Guinea,GIN
100,GLP,1.0,3.0,FRA,GLP,GLP,312,Geo unit,Guadeloupe,Guad.,Guadeloupe,Guadeloupe,GLP
101,GMB,0.0,2.0,GMB,GMB,GMB,270,Sovereign country,Gambia,Gambia,Gambia,The Gambia,GMB
102,GNB,0.0,2.0,GNB,GNB,GNB,624,Sovereign country,Guinea Bissau,GnB.,Guinea-Bissau,Guinea-Bissau,GNB
103,GNQ,0.0,2.0,GNQ,GNQ,GNQ,226,Sovereign country,Equatorial Guinea,Eq. G.,Eq. Guinea,Equatorial Guinea,GNQ
104,GRC,0.0,2.0,GRC,GRC,GRC,300,Sovereign country,Greece,Greece,Greece,Greece,GRC
105,GRD,0.0,2.0,GRD,GRD,GRD,308,Sovereign country,Grenada,Gren.,Grenada,Grenada,GRD
106,GRL,1.0,2.0,GRL,GRL,GRL,304,Country,Greenland,Grlnd.,Greenland,Greenland,GRL
107,GTM,0.0,2.0,GTM,GTM,GTM,320,Sovereign country,Guatemala,Guat.,Guatemala,Guatemala,GTM
108,GUF,1.0,3.0,FRA,GUF,GUF,254,Geo unit,French Guiana,Fr. G.,French Guiana,French Guiana,GUF
109,GUM,1.0,2.0,GUM,GUM,GUM,316,Dependency,Guam,Guam,Guam,Guam,GUM
110,GUY,0.0,2.0,GUY,GUY,GUY,328,Sovereign country,Guyana,Guy.,Guyana,Guyana,GUY
111,HKG,1.0,2.0,HKG,HKG,HKG,344,Country,Hong Kong S.A.R.,H.K.,Hong Kong,Hong Kong,HKG
112,HMD,1.0,2.0,HMD,HMD,HMD,334,Dependency,Heard Island and McDonald Islands,H.M.Is.,Heard I. and McDonald Is.,Heard I. and McDonald Islands,HMD
113,HND,0.0,2.0,HND,HND,HND,340,Sovereign country,Honduras,Hond.,Honduras,Honduras,HND
114,-99,1.0,3.0,UMI,HQI,HQI,-99,Geo unit,Howland Island,How. I.,Howland I.,Howland Island,HQI
115,HRV,0.0,2.0,HRV,HRV,HRV,191,Sovereign country,Croatia,Cro.,Croatia,Croatia,HRV
116,HTI,0.0,2.0,HTI,HTI,HTI,332,Sovereign country,Haiti,Haiti,Haiti,Haiti,HTI
117,HUN,0.0,2.0,HUN,HUN,HUN,348,Sovereign country,Hungary,Hun.,Hungary,Hungary,HUN
118,IDN,0.0,2.0,IDN,IDN,IDN,360,Sovereign country,Indonesia,Indo.,Indonesia,Indonesia,IDN
119,IMN,1.0,2.0,IMN,IMN,IMN,833,Country,Isle of Man,IoMan,Isle of Man,Isle of Man,IMN
120,IND,0.0,2.0,IND,IND,IND,356,Sovereign country,India,India,India,India,IND
121,IOT,1.0,2.0,IOT,IOT,IOT,86,Dependency,British Indian Ocean Territory,I.O.T.,Br. Indian Ocean Ter.,British Indian Ocean Territory,IOT
122,-99,0.0,3.0,IRQ,IRQ,IRK,-99,Geo unit,Iraqi Kurdistan,KRG,Iraqi Kurdistan,Iraqi Kurdistan,IRQ
123,IRL,0.0,2.0,IRL,IRL,IRL,372,Sovereign country,Ireland,Ire.,Ireland,Ireland,IRL
124,IRN,0.0,2.0,IRN,IRN,IRN,364,Sovereign country,Iran,Iran,Iran,Iran,IRN
125,-99,0.0,3.0,IRQ,IRQ,IRR,-99,Geo unit,Iraq,Iraq,Iraq,Iraq,IRQ
126,ISL,0.0,2.0,ISL,ISL,ISL,352,Sovereign country,Iceland,Iceland,Iceland,Iceland,ISL
127,ISR,1.0,2.0,ISR,ISR,ISR,376,Country,Israel,Isr.,Israel,Israel,ISR
128,ITA,0.0,2.0,ITA,ITA,ITA,380,Sovereign country,Italy,Italy,Italy,Italy,ITA
129,JAM,0.0,2.0,JAM,JAM,JAM,388,Sovereign country,Jamaica,Jam.,Jamaica,Jamaica,JAM
130,JEY,1.0,2.0,JEY,JEY,JEY,832,Country,Jersey,Jey.,Jersey,Jersey,JEY
131,JOR,0.0,2.0,JOR,JOR,JOR,400,Sovereign country,Jordan,Jord.,Jordan,Jordan,JOR
132,JPN,0.0,2.0,JPN,JPN,JPN,392,Sovereign country,Japan,Japan,Japan,Japan,JPN
133,-99,1.0,3.0,UMI,JQI,JQI,-99,Geo unit,Johnston Atoll,John. At.,Johnston Atoll,Johnston Atoll,JQI
134,-99,1.0,2.0,KAB,KAZ,KAB,-99,Lease,Baykonur Cosmodrome,Bayk.,Baikonur,Baikonur Cosmodrome,None
135,-99,0.0,2.0,KAS,-99,KAS,-99,Indeterminate,Siachen Glacier,Siachen,Siachen Glacier,Siachen Glacier,None
136,KAZ,0.0,2.0,KAZ,KAZ,KAZ,398,Sovereign country,Kazakhstan,Kaz.,Kazakhstan,Kazakhstan,KAZ
137,KEN,0.0,2.0,KEN,KEN,KEN,404,Sovereign country,Kenya,Ken.,Kenya,Kenya,KEN
138,KGZ,0.0,2.0,KGZ,KGZ,KGZ,417,Sovereign country,Kyrgyzstan,Kgz.,Kyrgyzstan,Kyrgyzstan,KGZ
139,KHM,0.0,2.0,KHM,KHM,KHM,116,Sovereign country,Cambodia,Camb.,Cambodia,Cambodia,KHM
140,KIR,0.0,2.0,KIR,KIR,KIR,296,Sovereign country,Kiribati,Kir.,Kiribati,Kiribati,KIR
141,KNA,0.0,2.0,KNA,KNA,KNA,659,Sovereign country,Saint Kitts and Nevis,St.K.N.,St. Kitts and Nevis,Saint Kitts and Nevis,KNA
142,-99,0.0,3.0,KOR,-99,KNX,-99,Overlay,Korean Demilitarized Zone (south),DMZ South,Korean DMZ (south),Korean DMZ (south),KOR
143,-99,0.0,3.0,PRK,-99,KNZ,-99,Overlay,Korean Demilitarized Zone (north),DMZ North,Korean DMZ (north),Korean DMZ (north),PRK
144,KOR,0.0,2.0,KOR,KOR,KOR,410,Sovereign country,South Korea,S.K.,Korea,Republic of Korea,KOR
145,-99,0.0,2.0,KOS,SRB,KOS,-99,Sovereign country,Kosovo,Kos.,Kosovo,Kosovo,SRB
146,-99,1.0,3.0,UMI,KQI,KQI,-99,Geo unit,Kingman Reef,King. Rf.,Kingman Reef,Kingman Reef,KQI
147,KWT,0.0,2.0,KWT,KWT,KWT,414,Sovereign country,Kuwait,Kwt.,Kuwait,Kuwait,KWT
148,LAO,0.0,2.0,LAO,LAO,LAO,418,Sovereign country,Laos,Laos,Lao PDR,Lao PDR,LAO
149,LBN,0.0,2.0,LBN,LBN,LBN,422,Sovereign country,Lebanon,Leb.,Lebanon,Lebanon,LBN
150,LBR,0.0,2.0,LBR,LBR,LBR,430,Sovereign country,Liberia,Liberia,Liberia,Liberia,LBR
151,LBY,0.0,2.0,LBY,LBY,LBY,434,Sovereign country,Libya,Libya,Libya,Libya,LBY
152,LCA,0.0,2.0,LCA,LCA,LCA,662,Sovereign country,Saint Lucia,S.L.,Saint Lucia,Saint Lucia,LCA
153,LIE,0.0,2.0,LIE,LIE,LIE,438,Sovereign country,Liechtenstein,Liech.,Liechtenstein,Liechtenstein,LIE
154,LKA,0.0,2.0,LKA,LKA,LKA,144,Sovereign country,Sri Lanka,Sri L.,Sri Lanka,Sri Lanka,LKA
155,-99,1.0,3.0,UMI,LQI,LQI,-99,Geo unit,Palmyra Atoll,Palm. At.,Palmyra Atoll,Palmyra Atoll,LQI
156,LSO,0.0,2.0,LSO,LSO,LSO,426,Sovereign country,Lesotho,Les.,Lesotho,Lesotho,LSO
157,LTU,0.0,2.0,LTU,LTU,LTU,440,Sovereign country,Lithuania,Lith.,Lithuania,Lithuania,LTU
158,LUX,0.0,2.0,LUX,LUX,LUX,442,Sovereign country,Luxembourg,Lux.,Luxembourg,Luxembourg,LUX
159,LVA,0.0,2.0,LVA,LVA,LVA,428,Sovereign country,Latvia,Lat.,Latvia,Latvia,LVA
160,MAC,1.0,2.0,MAC,MAC,MAC,446,Country,Macao S.A.R,Mac.,Macao,Macao,MAC
161,MAF,1.0,2.0,MAF,MAF,MAF,663,Dependency,Saint Martin,St. M.,St-Martin,Saint-Martin,MAF
162,MAR,0.0,2.0,MAR,MAR,MAR,504,Sovereign country,Morocco,Mor.,Morocco,Morocco,MAR
163,MCO,0.0,2.0,MCO,MCO,MCO,492,Sovereign country,Monaco,Mco.,Monaco,Monaco,MCO
164,MDA,0.0,2.0,MDA,MDA,MDA,498,Sovereign country,Moldova,Mda.,Moldova,Moldova,MDA
165,MDG,0.0,2.0,MDG,MDG,MDG,450,Sovereign country,Madagascar,Mad.,Madagascar,Madagascar,MDG
166,MDV,0.0,2.0,MDV,MDV,MDV,462,Sovereign country,Maldives,Mald.,Maldives,Maldives,MDV
167,MEX,0.0,2.0,MEX,MEX,MEX,484,Sovereign country,Mexico,Mex.,Mexico,Mexico,MEX
168,MHL,0.0,2.0,MHL,MHL,MHL,584,Sovereign country,Marshall Islands,M. Is.,Marshall Is.,Marshall Islands,MHL
169,MKD,0.0,2.0,MKD,MKD,MKD,807,Sovereign country,Macedonia,Mkd.,Macedonia,Macedonia,MKD
170,MLI,0.0,2.0,MLI,MLI,MLI,466,Sovereign country,Mali,Mali,Mali,Mali,MLI
171,MLT,0.0,2.0,MLT,MLT,MLT,470,Sovereign country,Malta,Malta,Malta,Malta,MLT
172,MMR,0.0,2.0,MMR,MMR,MMR,104,Sovereign country,Myanmar,Myan.,Myanmar,Myanmar,MMR
173,MNE,0.0,2.0,MNE,MNE,MNE,499,Sovereign country,Montenegro,Mont.,Montenegro,Montenegro,MNE
174,MNG,0.0,2.0,MNG,MNG,MNG,496,Sovereign country,Mongolia,Mong.,Mongolia,Mongolia,MNG
175,MNP,1.0,2.0,MNP,MNP,MNP,580,Dependency,Northern Mariana Islands,N.M.I.,N. Mariana Is.,Northern Mariana Islands,MNP
176,MOZ,0.0,2.0,MOZ,MOZ,MOZ,508,Sovereign country,Mozambique,Moz.,Mozambique,Mozambique,MOZ
177,-99,1.0,3.0,UMI,MQI,MQI,-99,Geo unit,Midway Islands,Mid. Is.,Midway Is.,Midway Islands,MQI
178,MRT,0.0,2.0,MRT,MRT,MRT,478,Sovereign country,Mauritania,Mrt.,Mauritania,Mauritania,MRT
179,MSR,1.0,2.0,MSR,MSR,MSR,500,Dependency,Montserrat,Monts.,Montserrat,Montserrat,MSR
180,MTQ,1.0,3.0,FRA,MTQ,MTQ,474,Geo unit,Martinique,Mtq.,Martinique,Martinique,MTQ
181,MUS,0.0,2.0,MUS,MUS,MUS,480,Sovereign country,Mauritius,Mus.,Mauritius,Mauritius,MUS
182,MWI,0.0,2.0,MWI,MWI,MWI,454,Sovereign country,Malawi,Mal.,Malawi,Malawi,MWI
183,MYS,0.0,2.0,MYS,MYS,MYS,458,Sovereign country,Malaysia,Malay.,Malaysia,Malaysia,MYS
184,MYT,1.0,3.0,FRA,MYT,MYT,175,Geo unit,Mayotte,Myt.,Mayotte,Mayotte,MYT
185,NAM,0.0,2.0,NAM,NAM,NAM,516,Sovereign country,Namibia,Nam.,Namibia,Namibia,NAM
186,NCL,1.0,2.0,NCL,NCL,NCL,540,Dependency,New Caledonia,New C.,New Caledonia,New Caledonia,NCL
187,NER,0.0,2.0,NER,NER,NER,562,Sovereign country,Niger,Niger,Niger,Niger,NER
188,NFK,1.0,2.0,NFK,NFK,NFK,574,Dependency,Norfolk Island,Nfk. I.,Norfolk Island,Norfolk Island,NFK
189,NGA,0.0,2.0,NGA,NGA,NGA,566,Sovereign country,Nigeria,Nigeria,Nigeria,Nigeria,NGA
190,NIC,0.0,2.0,NIC,NIC,NIC,558,Sovereign country,Nicaragua,Nic.,Nicaragua,Nicaragua,NIC
191,-99,1.0,3.0,GBR,-99,NIR,-99,Geo unit,Northern Ireland,N.Ire.,N. Ireland,Northern Ireland,GBR
192,NIU,1.0,2.0,NIU,NIU,NIU,570,Dependency,Niue,Niue,Niue,Niue,NIU
193,-99,0.0,3.0,NOR,SJM,NJM,-99,Geo unit,Jan Mayen,J.M.,Jan Mayen I.,Jan Mayen Island,NOR
194,-99,1.0,3.0,NLD,NLD,NLX,-99,Geo core,Netherlands,Neth.,Netherlands,Netherlands,NLD
195,BES,1.0,3.0,NLD,BES,NLY,535,Geo unit,Caribbean Netherlands,BES Is.,Caribbean Netherlands,Caribbean Netherlands,BES
196,NOR,0.0,3.0,NOR,NOR,NOW,578,Geo unit,Norway,Nor.,Norway,Norway,NOR
197,NPL,0.0,2.0,NPL,NPL,NPL,524,Sovereign country,Nepal,Nepal,Nepal,Nepal,NPL
198,NRU,0.0,2.0,NRU,NRU,NRU,520,Sovereign country,Nauru,Nauru,Nauru,Nauru,NRU
199,SJM,0.0,3.0,NOR,SJM,NSV,-99,Geo unit,Svalbard,Sval.,Svalbard Is.,Svalbard Islands,SJM
200,NZL,1.0,2.0,NZL,NZL,NZL,554,Country,New Zealand,N.Z.,New Zealand,New Zealand,NZL
201,OMN,0.0,2.0,OMN,OMN,OMN,512,Sovereign country,Oman,Oman,Oman,Oman,OMN
202,PAK,0.0,2.0,PAK,PAK,PAK,586,Sovereign country,Pakistan,Pak.,Pakistan,Pakistan,PAK
203,PAN,0.0,2.0,PAN,PAN,PAN,591,Sovereign country,Panama,Pan.,Panama,Panama,PAN
204,-99,0.0,3.0,PRT,-99,PAZ,-99,Geo unit,Azores,Az.,Azores,Azores,PRT
205,PCN,1.0,2.0,PCN,PCN,PCN,612,Dependency,Pitcairn Islands,Pit. Is.,Pitcairn Is.,Pitcairn Islands,PCN
206,PER,0.0,2.0,PER,PER,PER,604,Sovereign country,Peru,Peru,Peru,Peru,PER
207,-99,1.0,3.0,CHN,-99,PFA,-99,Geo unit,Paracel Islands,Par. Is.,Paracel Is.,Paracel Islands,CHN
208,-99,0.0,2.0,PGA,-99,PGA,-99,Indeterminate,Spratly Islands,Spratly Is.,Spratly Is.,Spratly Islands,None
209,PHL,0.0,2.0,PHL,PHL,PHL,608,Sovereign country,Philippines,Phil.,Philippines,Philippines,PHL
210,PLW,0.0,2.0,PLW,PLW,PLW,585,Sovereign country,Palau,Palau,Palau,Palau,PLW
211,-99,0.0,3.0,PRT,-99,PMD,-99,Geo unit,Madeira,Mad.,Madeira,Madeira,PRT
212,-99,0.0,3.0,PNG,PNG,PNB,-99,Geo unit,Bougainville,Boug.,Bougainville,Bougainville,PNG
213,-99,0.0,3.0,PNG,PNG,PNX,-99,Geo unit,Papua New Guinea,P.N.G.,Papua New Guinea,Papua New Guinea,PNG
214,POL,0.0,2.0,POL,POL,POL,616,Sovereign country,Poland,Pol.,Poland,Poland,POL
215,PRI,1.0,2.0,PRI,PRI,PRI,630,Dependency,Puerto Rico,P.R.,Puerto Rico,Puerto Rico,PRI
216,PRK,0.0,2.0,PRK,PRK,PRK,408,Sovereign country,North Korea,N.K.,Dem. Rep. Korea,Dem. Rep. Korea,PRK
217,-99,0.0,3.0,PRT,PRT,PRX,-99,Geo unit,Portugal,Port.,Portugal,Portugal,PRT
218,PRY,0.0,2.0,PRY,PRY,PRY,600,Sovereign country,Paraguay,Para.,Paraguay,Paraguay,PRY
219,PYF,1.0,2.0,PYF,PYF,PYF,258,Dependency,French Polynesia,Fr. Poly.,Fr. Polynesia,French Polynesia,PYF
220,QAT,0.0,2.0,QAT,QAT,QAT,634,Sovereign country,Qatar,Qatar,Qatar,Qatar,QAT
221,REU,1.0,3.0,FRA,REU,REU,638,Geo unit,Reunion,Reu.,Reunion,Reunion,REU
222,ROU,0.0,2.0,ROU,ROU,ROU,642,Sovereign country,Romania,Rom.,Romania,Romania,ROU
223,RUS,0.0,2.0,RUS,RUS,RUS,643,Sovereign country,Russia,Rus.,Russia,Russian Federation,RUS
224,RWA,0.0,2.0,RWA,RWA,RWA,646,Sovereign country,Rwanda,Rwa.,Rwanda,Rwanda,RWA
225,ESH,0.0,2.0,SAH,MAR,SAH,732,Indeterminate,Western Sahara,W. Sah.,W. Sahara,Western Sahara,ESH
226,SAU,0.0,2.0,SAU,SAU,SAU,682,Sovereign country,Saudi Arabia,Saud.,Saudi Arabia,Saudi Arabia,SAU
227,-99,0.0,2.0,SCR,-99,SCR,-99,Indeterminate,Scarborough Reef,S.R.,Scarborough Reef,Scarborough Reef,None
228,-99,1.0,3.0,GBR,-99,SCT,-99,Geo unit,Scotland,Scot.,Scotland,Scotland,GBR
229,SDN,0.0,2.0,SDN,SDN,SDN,729,Sovereign country,Sudan,Sudan,Sudan,Sudan,SDN
230,SSD,0.0,2.0,SDS,SSD,SDS,728,Sovereign country,South Sudan,S. Sud.,S. Sudan,South Sudan,SSD
231,SEN,0.0,2.0,SEN,SEN,SEN,686,Sovereign country,Senegal,Sen.,Senegal,Senegal,SEN
232,-99,0.0,2.0,SER,-99,SER,-99,Indeterminate,Serranilla Bank,S.B.,Serranilla Bank,Serranilla Bank,None
233,SGP,0.0,2.0,SGP,SGP,SGP,702,Sovereign country,Singapore,Sing.,Singapore,Singapore,SGP
234,SGS,1.0,2.0,SGS,SGS,SGS,239,Dependency,South Georgia and South Sandwich Islands,S.G. S.S. Is.,S. Geo. and S. Sandw. Is.,South Georgia and South Sandwich Islands,SGS
235,SHN,1.0,2.0,SHN,SHN,SHN,654,Dependency,Saint Helena,St.H.,Saint Helena,Saint Helena,SHN
236,SLB,0.0,2.0,SLB,SLB,SLB,90,Sovereign country,Solomon Islands,S. Is.,Solomon Is.,Solomon Islands,SLB
237,SLE,0.0,2.0,SLE,SLE,SLE,694,Sovereign country,Sierra Leone,S.L.,Sierra Leone,Sierra Leone,SLE
238,SLV,0.0,2.0,SLV,SLV,SLV,222,Sovereign country,El Salvador,El. S.,El Salvador,El Salvador,SLV
239,SMR,0.0,2.0,SMR,SMR,SMR,674,Sovereign country,San Marino,S.M.,San Marino,San Marino,SMR
240,-99,0.0,2.0,SOL,SOM,SOL,-99,Indeterminate,Somaliland,Solnd.,Somaliland,Somaliland,SOM
241,-99,0.0,3.0,SOM,SOM,SOP,-99,Geo unit,Puntland,Punt.,Puntland,Puntland,SOM
242,-99,0.0,3.0,SOM,SOM,SOX,-99,Geo unit,Somalia,Som.,Somalia,Somalia,SOM
243,SPM,1.0,2.0,SPM,SPM,SPM,666,Dependency,Saint Pierre and Miquelon,St. P.M.,St. Pierre and Miquelon,Saint Pierre and Miquelon,SPM
244,-99,0.0,3.0,SRB,SRB,SRS,-99,Geo unit,Serbia,Serb.,Serbia,Serbia,SRB
245,-99,0.0,3.0,SRB,SRB,SRV,-99,Geo unit,Vojvodina,Vojv.,Vojvodina,Vojvodina,SRB
246,STP,0.0,2.0,STP,STP,STP,678,Sovereign country,Sao Tome and Principe,S.T.P.,São Tomé and Principe,São Tomé and Principe,STP
247,SUR,0.0,2.0,SUR,SUR,SUR,740,Sovereign country,Suriname,Sur.,Suriname,Suriname,SUR
248,SVK,0.0,2.0,SVK,SVK,SVK,703,Sovereign country,Slovakia,Svk.,Slovakia,Slovakia,SVK
249,SVN,0.0,2.0,SVN,SVN,SVN,705,Sovereign country,Slovenia,Slo.,Slovenia,Slovenia,SVN
250,SWE,0.0,2.0,SWE,SWE,SWE,752,Sovereign country,Sweden,Swe.,Sweden,Sweden,SWE
251,SWZ,0.0,2.0,SWZ,SWZ,SWZ,748,Sovereign country,Swaziland,Swz.,Swaziland,Swaziland,SWZ
252,SXM,1.0,2.0,SXM,SXM,SXM,534,Country,Sint Maarten,St. M.,Sint Maarten,Sint Maarten,SXM
253,SYC,0.0,2.0,SYC,SYC,SYC,690,Sovereign country,Seychelles,Syc.,Seychelles,Seychelles,SYC
254,-99,0.0,3.0,SYR,SYR,SYU,-99,Overlay,UNDOF,DOF,UNDOF Zone,UNDOF Zone,SYR
255,SYR,0.0,3.0,SYR,SYR,SYX,760,Geo unit,Syria,Syria,Syria,Syrian Arab Republic,SYR
256,TCA,1.0,2.0,TCA,TCA,TCA,796,Dependency,Turks and Caicos Islands,T.C. Is.,Turks and Caicos Is.,Turks and Caicos Islands,TCA
257,TCD,0.0,2.0,TCD,TCD,TCD,148,Sovereign country,Chad,Chad,Chad,Chad,TCD
258,TGO,0.0,2.0,TGO,TGO,TGO,768,Sovereign country,Togo,Togo,Togo,Togo,TGO
259,THA,0.0,2.0,THA,THA,THA,764,Sovereign country,Thailand,Thai.,Thailand,Thailand,THA
260,TJK,0.0,2.0,TJK,TJK,TJK,762,Sovereign country,Tajikistan,Tjk.,Tajikistan,Tajikistan,TJK
261,TKL,1.0,3.0,NZL,TKL,TKL,772,Geo unit,Tokelau,Tkl.,Tokelau,Tokelau,TKL
262,TKM,0.0,2.0,TKM,TKM,TKM,795,Sovereign country,Turkmenistan,Turkm.,Turkmenistan,Turkmenistan,TKM
263,TLS,0.0,2.0,TLS,TLS,TLS,626,Sovereign country,East Timor,T.L.,Timor-Leste,Timor-Leste,TLS
264,TON,0.0,2.0,TON,TON,TON,776,Sovereign country,Tonga,Tongo,Tonga,Tonga,TON
265,TTO,0.0,2.0,TTO,TTO,TTO,780,Sovereign country,Trinidad and Tobago,Tr.T.,Trinidad and Tobago,Trinidad and Tobago,TTO
266,TUN,0.0,2.0,TUN,TUN,TUN,788,Sovereign country,Tunisia,Tun.,Tunisia,Tunisia,TUN
267,TUR,0.0,2.0,TUR,TUR,TUR,792,Sovereign country,Turkey,Tur.,Turkey,Turkey,TUR
268,TUV,0.0,2.0,TUV,TUV,TUV,798,Sovereign country,Tuvalu,Tuv.,Tuvalu,Tuvalu,TUV
269,TWN,0.0,2.0,TWN,TWN,TWN,158,Sovereign country,Taiwan,Taiwan,Taiwan,Taiwan,TWN
270,TZA,0.0,2.0,TZA,TZA,TZA,834,Sovereign country,Tanzania,Tanz.,Tanzania,Tanzania,TZA
271,-99,0.0,3.0,TZA,TZA,TZZ,-99,Geo unit,Zanzibar,Zan.,Zanzibar,Zanzibar,TZA
272,UGA,0.0,2.0,UGA,UGA,UGA,800,Sovereign country,Uganda,Uga.,Uganda,Uganda,UGA
273,UKR,0.0,2.0,UKR,UKR,UKR,804,Sovereign country,Ukraine,Ukr.,Ukraine,Ukraine,UKR
274,URY,0.0,2.0,URY,URY,URY,858,Sovereign country,Uruguay,Ury.,Uruguay,Uruguay,URY
275,USA,1.0,2.0,USA,USA,USA,840,Country,United States of America,U.S.A.,United States,United States,USA
276,-99,1.0,2.0,USG,-99,USG,-99,Lease,US Naval Base Guantanamo Bay,Guantan.,USNB Guantanamo Bay,US Naval Base Guantanamo Bay,None
277,UZB,0.0,2.0,UZB,UZB,UZB,860,Sovereign country,Uzbekistan,Uzb.,Uzbekistan,Uzbekistan,UZB
278,VAT,0.0,2.0,VAT,VAT,VAT,336,Sovereign country,Vatican,Vat.,Vatican,Vatican,VAT
279,VCT,0.0,2.0,VCT,VCT,VCT,670,Sovereign country,Saint Vincent and the Grenadines,St.V.G.,St. Vin. and Gren.,Saint Vincent and the Grenadines,VCT
280,VEN,0.0,2.0,VEN,VEN,VEN,862,Sovereign country,Venezuela,Ven.,Venezuela,Venezuela,VEN
281,VGB,1.0,2.0,VGB,VGB,VGB,92,Dependency,British Virgin Islands,V.I. (Br.),British Virgin Is.,British Virgin Islands,VGB
282,VIR,1.0,2.0,VIR,VIR,VIR,850,Dependency,United States Virgin Islands,V.I. (U.S.),U.S. Virgin Is.,United States Virgin Islands,VIR
283,VNM,0.0,2.0,VNM,VNM,VNM,704,Sovereign country,Vietnam,Viet.,Vietnam,Vietnam,VNM
284,VUT,0.0,2.0,VUT,VUT,VUT,548,Sovereign country,Vanuatu,Van.,Vanuatu,Vanuatu,VUT
285,-99,1.0,3.0,PSX,PSE,WEB,275,Geo unit,West Bank,W.B.,West Bank,West Bank,PSE
286,WLF,1.0,2.0,WLF,WLF,WLF,876,Dependency,Wallis and Futuna,Wlf.,Wallis and Futuna Is.,Wallis and Futuna Islands,WLF
287,-99,1.0,3.0,GBR,-99,WLS,-99,Geo unit,Wales,Wales,Wales,Wales,GBR
288,-99,1.0,3.0,UMI,WQI,WQI,-99,Geo unit,Wake Atoll,Wake At.,Wake Atoll,Wake Atoll,WQI
289,-99,1.0,2.0,WSB,GBR,WSB,-99,Dependency,Akrotiri Sovereign Base Area,Akr.,Akrotiri,Akrotiri,None
290,WSM,0.0,2.0,WSM,WSM,WSM,882,Sovereign country,Samoa,Samoa,Samoa,Samoa,WSM
291,YEM,0.0,2.0,YEM,YEM,YEM,887,Sovereign country,Yemen,Yem.,Yemen,Yemen,YEM
292,ZAF,0.0,2.0,ZAF,ZAF,ZAF,710,Sovereign country,South Africa,S.Af.,South Africa,South Africa,ZAF
293,ZMB,0.0,2.0,ZMB,ZMB,ZMB,894,Sovereign country,Zambia,Zambia,Zambia,Zambia,ZMB
294,ZWE,0.0,2.0,ZWE,ZWE,ZWE,716,Sovereign country,Zimbabwe,Zimb.,Zimbabwe,Zimbabwe,ZWE
